{
  "transmission": {
    "precision": 1.0,
    "recall": 0.3793103448275862,
    "f1-score": 0.5499999999999999,
    "support": 29,
    "confused_with": {}
  },
  "engine": {
    "precision": 0.9487179487179487,
    "recall": 0.43529411764705883,
    "f1-score": 0.5967741935483871,
    "support": 85,
    "confused_with": {}
  },
  "model_class_name": {
    "precision": 1.0,
    "recall": 1.0,
    "f1-score": 1.0,
    "support": 72,
    "confused_with": {}
  },
  "body_type": {
    "precision": 1.0,
    "recall": 0.35714285714285715,
    "f1-score": 0.5263157894736842,
    "support": 98,
    "confused_with": {}
  },
  "fuel": {
    "precision": 1.0,
    "recall": 1.0,
    "f1-score": 1.0,
    "support": 12,
    "confused_with": {}
  },
  "micro avg": {
    "precision": 0.9881656804733728,
    "recall": 0.5641891891891891,
    "f1-score": 0.7182795698924731,
    "support": 296
  },
  "macro avg": {
    "precision": 0.9897435897435898,
    "recall": 0.6343494639235004,
    "f1-score": 0.7346179966044142,
    "support": 296
  },
  "weighted avg": {
    "precision": 0.9852737352737353,
    "recall": 0.5641891891891891,
    "f1-score": 0.6832930872298444,
    "support": 296
  },
  "accuracy": 0.9302820649281532
}